ticker_field,first_any,first_daily_year,n
LT01TRUU Index|INDEX_OAS_TSY,2002-09-17,2003,6031
LT01TRUU Index|INDEX_YIELD_TO_WORST,1992-02-28,1997,7425
LT01TRUU Index|INDEX_OAD_TSY,1997-07-24,1998,7316
LT13TRUU Index|INDEX_OAS_TSY,1992-01-31,2007,5134
LT13TRUU Index|INDEX_YIELD_TO_WORST,1992-01-31,2007,5134
LT13TRUU Index|INDEX_OAD_TSY,1992-01-31,2007,5134
LT09TRUU Index|INDEX_OAS_TSY,2002-09-17,2003,6031
LT09TRUU Index|INDEX_YIELD_TO_WORST,1992-02-28,1997,7425
LT09TRUU Index|INDEX_OAD_TSY,1997-07-24,1998,7316
LUTLTRUU Index|INDEX_OAS_TSY,2002-09-17,2003,6031
LUTLTRUU Index|INDEX_YIELD_TO_WORST,1973-01-31,1994,8426
LUTLTRUU Index|INDEX_OAD_TSY,1997-07-24,1998,7318
LT11TRUU Index|INDEX_OAS_TSY,2002-09-17,2003,6031
LT11TRUU Index|INDEX_YIELD_TO_WORST,1992-02-28,1994,8190
LT11TRUU Index|INDEX_OAD_TSY,1997-07-24,1998,7316
LUACTRUU Index|INDEX_OAS_TSY,2002-09-17,2003,6031
LUACTRUU Index|INDEX_YIELD_TO_WORST,1973-01-31,1989,9651
LUACTRUU Index|INDEX_OAD_TSY,1997-07-24,1998,7318
LDC5TRUU Index|INDEX_OAS_TSY,1990-01-31,2004,6004
LDC5TRUU Index|INDEX_YIELD_TO_WORST,1990-01-31,2004,6004
LDC5TRUU Index|INDEX_OAD_TSY,1990-01-31,2004,6004
LF98TRUU Index|INDEX_OAS_TSY,2002-09-17,2003,6031
LF98TRUU Index|INDEX_YIELD_TO_WORST,1983-07-29,1999,7235
LF98TRUU Index|INDEX_OAD_TSY,1997-08-29,1999,7064
I00183US Index|INDEX_OAS_TSY,2002-09-17,2003,6031
I00183US Index|INDEX_YIELD_TO_WORST,1983-07-29,1999,7235
I00183US Index|INDEX_OAD_TSY,1997-08-29,1999,7064
I00184US Index|INDEX_OAS_TSY,2002-09-17,2003,6031
I00184US Index|INDEX_YIELD_TO_WORST,1983-07-29,1999,7235
I00184US Index|INDEX_OAD_TSY,1997-08-29,1999,7064
I00185US Index|INDEX_OAS_TSY,2002-09-17,2003,6031
I00185US Index|INDEX_YIELD_TO_WORST,1983-07-29,1999,7235
I00185US Index|INDEX_OAD_TSY,1997-08-29,1999,7064
I00188US Index|INDEX_OAS_TSY,2002-09-17,2003,6031
I00188US Index|INDEX_YIELD_TO_WORST,1983-07-29,1999,7235
I00188US Index|INDEX_OAD_TSY,1997-08-29,1999,7064
H02549US Index|INDEX_OAS_TSY,2002-09-17,2003,6098
H02549US Index|INDEX_YIELD_TO_WORST,2000-09-28,2001,6592
H02549US Index|INDEX_OAD_TSY,2000-10-09,2001,6585
LP01TRUH Index|INDEX_OAS_TSY,2002-09-17,2003,6098
LP01TRUH Index|INDEX_YIELD_TO_WORST,1999-01-29,2001,6669
LP01TRUH Index|INDEX_OAD_TSY,1999-01-29,2001,6669
LUMSTRUU Index|INDEX_OAS_TSY,1988-10-31,2003,6197
LUMSTRUU Index|INDEX_YIELD_TO_WORST,1976-01-30,1989,9615
LUMSTRUU Index|INDEX_OAD_TSY,1997-07-24,1998,7318
EMUSTRUU Index|INDEX_OAS_TSY,2002-09-17,2003,6031
EMUSTRUU Index|INDEX_YIELD_TO_WORST,1993-01-29,1997,7503
EMUSTRUU Index|INDEX_OAD_TSY,1993-01-29,1997,7503
I12877US Index|INDEX_OAS_TSY,2003-02-28,2006,5288
I12877US Index|INDEX_YIELD_TO_WORST,2003-02-28,2006,5288
I12877US Index|INDEX_OAD_TSY,2003-02-28,2006,5288
I20344US Index|INDEX_OAS_TSY,2008-07-17,2009,4716
I20344US Index|INDEX_YIELD_TO_WORST,2008-07-17,2009,4716
I20344US Index|INDEX_OAD_TSY,2008-07-17,2009,4716
LBUTTRUU Index|INDEX_OAS_TSY,2002-09-17,2003,6031
LBUTTRUU Index|INDEX_YIELD_TO_WORST,1997-03-31,1998,7151
LBUTTRUU Index|INDEX_OAD_TSY,1998-04-15,1998,7138
LTP5TRUU Index|INDEX_OAS_TSY,2002-09-30,2010,4194
LTP5TRUU Index|INDEX_YIELD_TO_WORST,2002-09-30,2010,4194
LTP5TRUU Index|INDEX_OAD_TSY,2002-09-30,2010,4194
LUACOAS Index|PX_LAST,1989-06-30,2001,6683
LUACYW Index|PX_LAST,1973-01-31,1989,9652
LDC5OAS Index|PX_LAST,1989-12-29,2004,6001
LDC5YW Index|PX_LAST,1989-12-29,2004,6001
LF98OAS Index|PX_LAST,1994-01-31,2001,6622
LF98YW Index|PX_LAST,1983-07-29,1999,7231
BCAUOAS Index|PX_LAST,1994-01-31,2001,6622
BCAUYW Index|PX_LAST,1983-07-29,1999,7231
LP01OAS Index|PX_LAST,1998-11-30,2001,6624
LP01YW Index|PX_LAST,1998-11-30,1999,7039
LT01YW Index|PX_LAST,1992-01-31,1997,7423
LT09YW Index|PX_LAST,1992-01-31,1997,7423
LUTLYW Index|PX_LAST,1973-01-31,1994,8423
LT11YW Index|PX_LAST,1992-01-31,1994,8187
LCB1OAS Index|PX_LAST,1988-08-31,2004,5894
LCB1YW Index|PX_LAST,1988-08-31,2004,5894
MOVE Index|PX_LAST,1988-04-04,1988,9935
GSUSFCI Index|PX_LAST,1990-01-01,1990,9570
BFCIUS Index|PX_LAST,1990-01-02,1990,9569
GTDEM2Y Govt|YLD_YTM_MID,1990-09-18,1991,9297
GTDEM10Y Govt|YLD_YTM_MID,1990-08-07,1991,9335
GTGBP2Y Govt|YLD_YTM_MID,1992-01-02,1992,8985
GTGBP10Y Govt|YLD_YTM_MID,1992-01-01,1992,8987
GTJPY2Y Govt|YLD_YTM_MID,1994-02-09,1994,8390
GTJPY10Y Govt|YLD_YTM_MID,1989-04-03,1989,9450
BBDXY Index|TOT_RETURN_INDEX_GROSS_DVDS,2004-12-31,2005,5545
DXY Curncy|PX_LAST,1970-01-30,1971,14260
USGGBE10 Index|PX_LAST,1998-08-03,1999,7301
USGGBE02 Index|PX_LAST,2004-10-27,2005,5693
GTII10 Govt|YLD_YTM_MID,1997-01-30,1997,7710
